1000,ic0000,crossbeats.REV,
1001,ic1718,crossbeats.REV SUNRiSE,
1002,ic0001,曉月 (アカツキ),
1289,ic1005,Phase:01 RISING PURPLE1,
1290,ic1006,Phase:01 RISING PURPLE2,
1291,ic1007,Phase:01 RISING PURPLE3,
1292,ic1008,ANIMAX MUSIX特集,
1293,ic1010,ANIMAX MUSIX特集 第2弾 II,
1294,ic1011,ANIMAX MUSIX特集 第2弾 III,
1295,ic1012,ANIMAX MUSIX特集 第2弾 I,
1296,ic1013,モンスターハンタークロス特集 I,
1297,ic1014,モンスターハンタークロス特集 II,
1298,ic1015,モンスターハンタークロス特集 III,
1299,ic1016,Phase:02 REBEL YELL1,
1300,ic1017,Phase:02 REBEL YELL2,
1301,ic1018,Phase:02 REBEL YELL3,
1302,ic1020,高知イベント参加,
1303,ic1021,幕張イベント参加,
1304,ic1022,ストリートファイター特集 I,
1305,ic1023,ストリートファイター特集 II,
1306,ic1024,ストリートファイター特集 III,
1307,ic1025,吉祥寺ロケテスト参加,
1308,ic1026,Phase:02 REBEL YELL4,
1309,ic1027,新堂敦士コラボイベント I,
1310,ic1028,新堂敦士コラボイベント II,
1311,ic1029,新堂敦士コラボイベント III,
1312,ic1030,第1回クラスチャレンジイベント 金賞,
1313,ic1031,第1回クラスチャレンジイベント 銀賞,
1314,ic1032,第1回クラスチャレンジイベント 銅賞,
1315,ic1033,Phase:03 REMNANT1,
1316,ic1034,Phase:03 REMNANT2,
1317,ic1035,Phase:03 REMNANT3,
1318,ic1036,1st Anniversary,
1319,ic1037,WIXOSSコラボイベント I,
1320,ic1038,WIXOSSコラボイベント II,
1321,ic1039,WIXOSSコラボイベント III,
1322,ic1040,クローニャがやってきた☆,
1323,ic1041,グルーヴコースター3リンクフィーバーコラボイベント I,
1324,ic1042,グルーヴコースター3リンクフィーバーコラボイベント II,
1325,ic1043,グルーヴコースター3リンクフィーバーコラボイベント III,
1326,ic1044,エスピナス,
1327,ic1045,ディスフィロア,
1328,ic1046,UNKNOWN（覇種）,
1329,ic1047,14th Clock（INNOCENT NOIZE特集）,
1330,ic1048,Hervor（INNOCENT NOIZE特集）,
1331,ic1049,Hervor（INNOCENT NOIZE特集）,
1332,ic1050,東方Project楽曲追加記念 霊夢,
1333,ic1051,東方Project楽曲追加記念 魔理沙,
1334,ic1052,東方Project楽曲追加記念 チルノ,
1335,ic1053,東方Project楽曲追加記念 アリス,
1336,ic1054,東方Project楽曲追加記念 燐,
1337,ic1055,回雪! 氷上の白姫♡燦,
1338,ic1056,復活祭2017～ハッピー☆イースター～,
1339,ic1057,Phase:04 ROAR 1,
1340,ic1058,Phase:04 ROAR 2,
1341,ic1059,Phase:04 ROAR 3,
1342,ic1060,カプコンであそぼう! クローニャ,
1343,ic1061,カプコンであそぼう! 暁月,
1344,ic1062,カプコンであそぼう! 燦,
1345,ic1063,SUNRiSE おかげさまで1周年☆,
1346,ic1064,ニャるほど...,
1347,ic1065,ここほれニャンニャン! 人間卒業,
1348,ic1066,東方Project楽曲追加記念 レミリア,
1349,ic1067,東方Project楽曲追加記念 咲夜,
1350,ic1068,東方Project楽曲追加記念 赤蛮奇,
1351,ic1069,東方Project楽曲追加記念 こいし,
1352,ic1070,東方Project楽曲追加記念 クラウンピース,
1353,ic1071,Hallowe'en あかつき,
1354,ic1072,Hallowe'en さん,
1355,ic1073,クリスマスがやってきたぁ☆2017 暁月,
1356,ic1500,北海道,
1357,ic1501,青森県,
1358,ic1502,岩手県,
1359,ic1503,宮城県,
1360,ic1504,秋田県,
1361,ic1505,山形県,
1362,ic1506,福島県,
1363,ic1507,茨城県,
1364,ic1508,栃木県,
1365,ic1509,群馬県,
1366,ic1510,埼玉県,
1367,ic1511,千葉県,
1368,ic1512,東京都,
1369,ic1513,神奈川県,
1370,ic1514,新潟県,
1371,ic1515,山梨県,
1372,ic1516,長野県,
1373,ic1517,富山県,
1374,ic1518,石川県,
1375,ic1519,福井県,
1376,ic1520,岐阜県,
1377,ic1521,静岡県,
1378,ic1522,愛知県,
1379,ic1523,三重県,
1380,ic1524,滋賀県,
1381,ic1525,京都府,
1382,ic1526,大阪府,
1383,ic1527,兵庫県,
1384,ic1528,奈良県,
1385,ic1529,和歌山県,
1386,ic1530,鳥取県,
1387,ic1531,島根県,
1388,ic1532,岡山県,
1389,ic1533,広島県,
1390,ic1534,山口県,
1391,ic1535,徳島県,
1392,ic1536,香川県,
1393,ic1537,愛媛県,
1394,ic1538,高知県,
1395,ic1539,福岡県,
1396,ic1540,佐賀県,
1397,ic1541,長崎県,
1398,ic1542,熊本県,
1399,ic1543,大分県,
1400,ic1544,宮崎県,
1401,ic1545,鹿児島県,
1402,ic1546,沖縄県,
1403,ic1547,海外,
1404,ic1550,CLASS I,
1405,ic1551,CLASS II,
1406,ic1552,CLASS III,
1407,ic1553,CLASS IV,
1408,ic1554,CLASS V,
1409,ic1555,CLASS VI,
1410,ic1556,CLASS VII,
1411,ic1557,CLASS VIII,
1412,ic1558,CLASS IX,
1413,ic1559,CLASS X,
1414,ic1560,CLASS XI,
1415,ic1561,CLAS XII,
1416,ic1562,CLASS XIII,
1417,ic1563,CLASS XIV,
1418,ic1600,あかつき（春）,
1419,ic1601,あかつき（夏）,
1420,ic1602,あかつき（秋）,
1421,ic1603,あかつき（冬）,
1422,ic1604,竹,
1423,ic1605,鬼,
1424,ic1606,目,
1425,ic1607,花,
1426,ic1608,水ぶくれ,
1427,ic1609,雨,
1428,ic1610,星,
1429,ic1611,圓,
1430,ic1612,雲,
1431,ic1613,月,
1432,ic1614,梅,
1433,ic1615,雪,
1434,ic1616,ケーキ,
1435,ic1617,チョコレート,
1436,ic1618,猫,
1437,ic1619,プレゼント,
1438,ic1620,葉,
1439,ic1622,HAPPY NAOKI MAEDA BIRTHDAY,
1440,ic1623,七夕,
1441,ic1624,ハロウィン,
1442,ic1625,クリスマス,
1443,ic1626,元日,
1444,ic1700,REV友 募集中,
1445,ic1701,対戦相手 募集中,
1446,ic1702,スコアアタック中,
1447,ic1703,上手くなりたい,